,size,mean_time,std_dev
0,25.0,135.6144190775005,57.94263806899995
