,size,mean_time,std_dev
0,5.0,412.85499697954424,221.44014957509225
1,10.0,443.4180046788319,235.47760480137924
2,15.0,495.23778777227994,265.81095142745176
3,20.0,452.3069215496982,143.69523361176508
4,25.0,470.691024713122,281.0802509583461
5,30.0,335.7654613684143,76.88476480382673
6,35.0,484.126072628745,306.1734525818195
7,40.0,456.77074305978,288.12266203213943
8,45.0,495.71999818985375,270.01859234978053
9,50.0,466.24608950868395,190.98382510162938
